﻿<?xml version="1.0" encoding="utf-8"?>
<opm-metadata xmlns="http://oscript.io/schemas/opm-metadata/1.0">
    <name>reflector</name>
    <version>0.7.1</version>
    <author>Khorev Aleksey</author>
    <author-email>Khorevaa@gmail.com</author-email>
    <description>Библиотека для удобной работы с рефлектором и интерфейсами </description>
    <engine-version>1.8.3</engine-version>
    <depends-on name="logos" dev="false"/>
</opm-metadata>