﻿<?xml version="1.0" encoding="utf-8"?>
<opm-metadata xmlns="http://oscript.io/schemas/opm-metadata/1.0">
    <name>cli</name>
    <version>0.10.2</version>
    <author>Khorev Aleksey</author>
    <author-email>khorevaa@gmail.com</author-email>
    <description>Данный пакет облегчает создание консольных приложений на Oscript</description>
    <engine-version>1.8.3</engine-version>
    <depends-on name="logos" dev="false" version="1.1.1"/>
    <depends-on name="delegate" dev="false" version="0.2.0"/>
    <depends-on name="reflector" dev="false" version="0.5.1"/>
    <depends-on name="fluent" dev="false" version="0.6.0"/>
    <depends-on name="datetime" dev="false" version="0.1.0"/>
</opm-metadata>