﻿<?xml version="1.0" encoding="utf-8"?>
<opm-metadata xmlns="http://oscript.io/schemas/opm-metadata/1.0">
    <name>lambdas</name>
    <version>0.1.2</version>
    <author>Кирилл Черненко</author>
    <author-email>https://github.com/sfaqer</author-email>
    <description>API для реализации функциональных интерфейсов для OneScript</description>
    <engine-version>1.8.3</engine-version>
    <depends-on name="reflector" dev="false" version="0.7.1"/>
    <depends-on name="decorator" dev="false" version="1.5.0"/>
    <depends-on name="1testrunner" dev="true"/>
    <depends-on name="coverage" dev="true"/>
    <depends-on name="asserts" dev="true"/>
</opm-metadata>