﻿<?xml version="1.0" encoding="utf-8"?>
<opm-metadata xmlns="http://oscript.io/schemas/opm-metadata/1.0">
    <name>decorator</name>
    <version>1.5.0</version>
    <author>Nikita Gryzlov</author>
    <author-email>nixel2007@gmail.com</author-email>
    <description>Библиотека для создания декораторов над объектами</description>
    <engine-version>1.8.3</engine-version>
    <manifest-version>1.0.0</manifest-version>
    <depends-on name="logos" dev="false"/>
    <depends-on name="reflector" dev="false" version="0.6.1"/>
    <depends-on name="tempfiles" dev="false"/>
    <depends-on name="1bdd" dev="true"/>
    <depends-on name="1commands" dev="true"/>
    <depends-on name="1testrunner" dev="true"/>
    <depends-on name="asserts" dev="true"/>
    <depends-on name="coverage" dev="true"/>
    <depends-on name="fs" dev="true"/>
</opm-metadata>